class,SLOC
org.apache.tajo.storage.v2.FileScannerV2,158
org.apache.tajo.catalog.Column,60
org.apache.tajo.catalog.Schema,268
org.apache.tajo.catalog.TableMeta,145
org.apache.tajo.catalog.statistics.ColumnStats,114
org.apache.tajo.catalog.statistics.TableStats,192
org.apache.tajo.storage.fragment.FileFragment,147
org.apache.tajo.storage.v2.StorageManagerV2,89
org.apache.tajo.cli.CopyrightCommand,38
org.apache.tajo.cli.TajoShellCommand,89
org.apache.tajo.cli.TajoCli,544
org.apache.tajo.algebra.IsNullPredicate,29
org.apache.tajo.algebra.UnaryOperator,25
org.apache.tajo.algebra.OpType,127
org.apache.tajo.algebra.Expr,91
org.apache.tajo.master.TajoMasterService,105
org.apache.tajo.QueryId,58
org.apache.tajo.conf.TajoConf,437
org.apache.tajo.master.cluster.WorkerConnectionInfo,115
org.apache.tajo.master.querymaster.QueryJobManager,173
org.apache.tajo.master.rm.Worker,161
org.apache.tajo.master.rm.WorkerResource,157
org.apache.tajo.rpc.AsyncRpcServer,81
org.apache.tajo.util.NetUtils,50
org.apache.tajo.rpc.NettyServerBase,120
org.apache.tajo.master.TajoMaster,432
org.apache.tajo.util.datetime.DateTimeFormat,1613
org.apache.tajo.datum.TimestampDatum,174
org.apache.tajo.util.datetime.TimeMeta,105
org.apache.tajo.util.datetime.DateTimeUtil,1266
org.apache.tajo.util.datetime.DateTimeConstants,546
org.apache.tajo.catalog.TableDesc,154
org.apache.tajo.client.QueryStatus,58
org.apache.tajo.jdbc.TajoResultSetBase,1007
org.apache.tajo.datum.Datum,198
org.apache.tajo.datum.DateDatum,212
org.apache.tajo.datum.TimeDatum,143
org.apache.tajo.datum.NullDatum,129
org.apache.tajo.jdbc.TajoResultSetMetaData,108
org.apache.tajo.cluster.TestServerName,62
org.apache.tajo.master.cluster.ServerName,83
org.apache.tajo.worker.dataserver.HttpDataServer,41
org.apache.tajo.worker.dataserver.HttpDataServerPipelineFactory,14
org.apache.tajo.catalog.exception.AlreadyExistsDatabaseException,7
org.apache.tajo.catalog.exception.CatalogException,13
org.apache.tajo.datum.BlobDatum,117
org.apache.tajo.exception.InvalidOperationException,11
org.apache.tajo.datum.DatumFactory,352
org.apache.tajo.benchmark.TestTPCH,22
org.apache.tajo.QueryTestCaseBase,398
org.apache.tajo.TajoConstants,16
org.apache.tajo.algebra.Explain,13
org.apache.tajo.storage.NullScanner,30
org.apache.tajo.storage.FileScanner,73
org.apache.tajo.master.TajoContainerProxy,136
org.apache.tajo.ExecutionBlockId,57
org.apache.tajo.QueryUnitAttemptId,60
org.apache.tajo.engine.query.QueryContext,112
org.apache.tajo.master.querymaster.QueryMasterTask,409
org.apache.tajo.master.rm.TajoWorkerContainer,59
org.apache.tajo.master.rm.TajoWorkerContainerId,57
org.apache.tajo.rpc.NettyClientBase,95
org.apache.tajo.rpc.NullCallback,12
org.apache.tajo.rpc.RpcConnectionPool,138
org.apache.tajo.util.HAServiceUtil,208
org.apache.tajo.master.ContainerProxy,39
org.apache.tajo.worker.AbstractResourceAllocator,28
org.apache.tajo.master.querymaster.QueryMasterManagerService,190
org.apache.tajo.util.KeyValueSet,174
org.apache.tajo.master.event.TaskAttemptStatusUpdateEvent,11
org.apache.tajo.master.event.TaskAttemptEvent,11
org.apache.tajo.master.event.TaskAttemptEventType,17
org.apache.tajo.engine.planner.physical.HashJoinExec,152
org.apache.tajo.engine.eval.EvalNode,30
org.apache.tajo.engine.planner.PlannerUtil,626
org.apache.tajo.engine.planner.Projector,34
org.apache.tajo.engine.planner.logical.JoinNode,106
org.apache.tajo.engine.utils.SchemaUtil,46
org.apache.tajo.storage.FrameTuple,149
org.apache.tajo.storage.VTuple,161
org.apache.tajo.worker.TaskAttemptContext,277
org.apache.tajo.engine.planner.physical.BinaryPhysicalExec,70
org.apache.tajo.engine.planner.logical.LogicalNode,76
org.apache.tajo.engine.planner.physical.PhysicalExec,42
org.apache.tajo.engine.planner.logical.NodeType,36
org.apache.tajo.engine.planner.AlterTablespaceNode,60
org.apache.tajo.engine.planner.logical.LogicalRootNode,16
org.apache.tajo.engine.planner.logical.EvalExprNode,44
org.apache.tajo.engine.planner.logical.ProjectionNode,70
org.apache.tajo.engine.planner.logical.LimitNode,35
org.apache.tajo.engine.planner.logical.SortNode,59
org.apache.tajo.engine.planner.logical.HavingNode,39
org.apache.tajo.engine.planner.logical.GroupbyNode,179
org.apache.tajo.engine.planner.logical.WindowAggNode,166
org.apache.tajo.engine.planner.logical.SelectionNode,41
org.apache.tajo.engine.planner.logical.UnionNode,10
org.apache.tajo.engine.planner.logical.ExceptNode,17
org.apache.tajo.engine.planner.logical.IntersectNode,17
org.apache.tajo.engine.planner.logical.TableSubQueryNode,123
org.apache.tajo.engine.planner.logical.ScanNode,174
org.apache.tajo.engine.planner.logical.PartitionedTableScanNode,105
org.apache.tajo.engine.planner.logical.IndexScanNode,83
org.apache.tajo.engine.planner.logical.StoreTableNode,61
org.apache.tajo.engine.planner.logical.InsertNode,127
org.apache.tajo.engine.planner.logical.DistinctGroupbyNode,180
org.apache.tajo.engine.planner.logical.CreateDatabaseNode,52
org.apache.tajo.engine.planner.logical.DropDatabaseNode,50
org.apache.tajo.engine.planner.logical.CreateTableNode,97
org.apache.tajo.engine.planner.logical.DropTableNode,60
org.apache.tajo.engine.planner.logical.AlterTableNode,78
org.apache.tajo.engine.planner.logical.TruncateTableNode,29
org.apache.tajo.catalog.statistics.StatSet,96
org.apache.tajo.catalog.json.CatalogGsonHelper,39
org.apache.tajo.catalog.statistics.Stat,60
org.apache.tajo.master.event.FragmentScheduleEvent,30
org.apache.tajo.master.event.TaskSchedulerEvent,14
org.apache.tajo.engine.function.string.Md5,18
org.apache.tajo.engine.function.GeneralFunction,18
org.apache.tajo.org.objectweb.asm.util.TraceSignatureVisitor,219
org.apache.tajo.org.objectweb.asm.signature.SignatureVisitor,50
org.apache.tajo.org.objectweb.asm.tree.TypeInsnNode,22
org.apache.tajo.org.objectweb.asm.MethodVisitor,150
org.apache.tajo.org.objectweb.asm.tree.AbstractInsnNode,51
org.apache.tajo.org.objectweb.asm.tree.LabelNode,31
org.apache.tajo.engine.planner.logical.join.GreedyHeuristicJoinOrderAlgorithm,186
org.apache.tajo.algebra.JoinType,12
org.apache.tajo.engine.eval.AlgebraicUtil,256
org.apache.tajo.engine.planner.LogicalPlan,459
org.apache.tajo.engine.planner.PlanningException,8
org.apache.tajo.util.TUtil,159
org.apache.tajo.engine.planner.logical.join.JoinEdge,37
org.apache.tajo.engine.planner.logical.join.FoundJoinOrder,14
org.apache.tajo.engine.planner.logical.RelationNode,11
org.apache.tajo.engine.planner.logical.join.JoinGraph,89
org.apache.tajo.engine.planner.logical.BinaryNode,44
org.apache.tajo.engine.planner.graph.SimpleDirectedGraph,203
org.apache.tajo.engine.planner.graph.SimpleUndirectedGraph,59
org.apache.tajo.engine.planner.logical.UnaryNode,34
org.apache.tajo.engine.function.string.Encode,37
org.apache.tajo.engine.function.string.HexStringConverter,33
org.apache.tajo.client.TajoHAClientUtil,28
org.apache.tajo.client.TajoClient,730
org.apache.tajo.org.objectweb.asm.signature.SignatureReader,126
org.apache.tajo.jdbc.TajoMemoryResultSet,42
org.apache.tajo.storage.RowStoreUtil,220
org.apache.tajo.catalog.store.HCatalogUtil,97
org.apache.tajo.exception.InvalidCastException,11
org.apache.tajo.util.Bytes,1076
org.apache.tajo.datum.IntervalDatum,370
org.apache.tajo.org.objectweb.asm.commons.RemappingSignatureAdapter,94
org.apache.tajo.org.objectweb.asm.commons.Remapper,119
org.apache.tajo.cluster.TestWorkerConnectionInfo,9
org.apache.tajo.engine.function.string.OctetLength,15
org.apache.tajo.org.objectweb.asm.commons.StaticInitMerger,46
org.apache.tajo.org.objectweb.asm.ClassVisitor,66
org.apache.tajo.algebra.PatternMatchPredicate,44
org.apache.tajo.algebra.BinaryOperator,43
org.apache.tajo.storage.v2.CSVFileScanner,299
org.apache.tajo.storage.LazyTuple,192
org.apache.tajo.storage.compress.CodecPool,89
org.apache.tajo.util.BytesUtils,135
org.apache.tajo.storage.v2.ScheduledInputStream,413
org.apache.tajo.master.rm.TajoResourceTracker,134
org.apache.tajo.util.ProtoUtil,14
org.apache.tajo.master.rm.TajoRMContext,31
org.apache.tajo.master.rm.WorkerLivelinessMonitor,19
org.apache.tajo.master.rm.WorkerStatusEvent,25
org.apache.tajo.master.rm.WorkerEventType,6
org.apache.tajo.master.rm.WorkerEvent,10
org.apache.tajo.master.rm.WorkerReconnectEvent,10
org.apache.tajo.engine.planner.PlanString,75
org.apache.tajo.catalog.partition.PartitionMethodDesc,99
org.apache.tajo.master.querymaster.QueryMasterRunner,94
org.apache.tajo.util.TajoIdUtils,17
org.apache.tajo.master.querymaster.QueryMaster,446
org.apache.tajo.BackendTestingUtil,34
org.apache.tajo.catalog.CatalogUtil,492
org.apache.tajo.storage.AbstractStorageManager,494
org.apache.tajo.storage.StorageManagerFactory,47
org.apache.tajo.org.objectweb.asm.optimizer.AnnotationConstantsCollector,99
org.apache.tajo.org.objectweb.asm.AnnotationVisitor,41
org.apache.tajo.org.objectweb.asm.Type,400
org.apache.tajo.org.objectweb.asm.optimizer.ConstantPool,186
org.apache.tajo.datum.TestTextDatum,56
org.apache.tajo.datum.TextDatum,106
org.apache.tajo.cli.InvalidClientSessionException,5
org.apache.tajo.storage.TestStorages,691
org.apache.tajo.datum.ProtobufDatumFactory,52
org.apache.tajo.storage.rcfile.RCFile,1054
org.apache.tajo.storage.sequencefile.SequenceFileScanner,205
org.apache.tajo.util.CommonTestingUtil,42
org.apache.tajo.util.FileUtil,94
org.apache.tajo.storage.FileAppender,30
org.apache.tajo.storage.StorageUtil,157
org.apache.tajo.storage.StorageConstants,32
org.apache.tajo.storage.TextSerializerDeserializer,182
org.apache.tajo.storage.BinarySerializerDeserializer,204
org.apache.tajo.engine.eval.BinaryEval,156
org.apache.tajo.engine.eval.EvalTreeUtil,340
org.apache.tajo.engine.planner.NamedExprsManager,195
org.apache.tajo.master.querymaster.SubQueryState,10
org.apache.tajo.master.session.Session,136
org.apache.tajo.SessionVars,118
org.apache.tajo.master.NonForwardQueryResultScanner,103
org.apache.tajo.master.session.NoSuchSessionVariableException,5
org.apache.tajo.rpc.ProtoPipelineFactory,18
org.apache.tajo.engine.planner.physical.DistinctGroupbySecondAggregationExec,187
org.apache.tajo.engine.eval.AggregationFunctionCallEval,74
org.apache.tajo.engine.planner.physical.UnaryPhysicalExec,65
org.apache.tajo.engine.planner.physical.SortExec,18
org.apache.tajo.engine.codegen.TestEvalCodeGenerator,242
org.apache.tajo.engine.eval.ExprTestBase,198
org.apache.tajo.org.objectweb.asm.signature.SignatureWriter,127
org.apache.tajo.org.objectweb.asm.Handle,44
org.apache.tajo.algebra.Join,70
org.apache.tajo.algebra.ColumnReferenceExpr,64
org.apache.tajo.algebra.JsonHelper,28
org.apache.tajo.engine.eval.RegexPredicateEval,25
org.apache.tajo.engine.eval.PatternMatchPredicateEval,43
org.apache.tajo.engine.eval.ConstEval,65
org.apache.tajo.engine.eval.EvalType,111
org.apache.tajo.algebra.SimpleTableSubQuery,13
org.apache.tajo.engine.function.builtin.CoalesceTimestamp,7
org.apache.tajo.engine.function.builtin.Coalesce,17
org.apache.tajo.datum.Inet4Datum,97
org.apache.tajo.jdbc.FetchResultSet,58
org.apache.tajo.algebra.Window,33
org.apache.tajo.algebra.WindowSpec,177
org.apache.tajo.engine.eval.TestIntervalType,76
org.apache.tajo.storage.sequencefile.SequenceFileAppender,176
org.apache.tajo.datum.ProtobufDatum,43
org.apache.tajo.storage.exception.AlreadyExistsStorageException,9
org.apache.tajo.storage.rcfile.NonSyncByteArrayOutputStream,87
org.apache.tajo.storage.TableStatistics,81
org.apache.tajo.engine.utils.DataTypeUtil,85
org.apache.tajo.engine.eval.PartialBinaryExpr,39
org.apache.tajo.org.objectweb.asm.Label,169
org.apache.tajo.master.event.LocalTaskEvent,15
org.apache.tajo.master.event.LocalTaskEventType,3
org.apache.tajo.org.objectweb.asm.FieldVisitor,30
org.apache.tajo.org.objectweb.asm.Attribute,62
org.apache.tajo.engine.planner.physical.ProjectionExec,29
org.apache.tajo.datum.TestTimestampDatum,125
org.apache.tajo.json.CommonGsonHelper,34
org.apache.tajo.catalog.exception.AlreadyExistsFieldException,8
org.apache.tajo.datum.TestInt8Datum,42
org.apache.tajo.engine.planner.physical.AggregationExec,38
org.apache.tajo.worker.TestHistory,59
org.apache.tajo.TajoTestingCluster,534
org.apache.tajo.TpchTestBase,71
org.apache.tajo.master.querymaster.QueryInProgress,194
org.apache.tajo.worker.TaskRunnerHistory,93
org.apache.tajo.worker.TaskHistory,142
org.apache.tajo.worker.TaskRunnerManager,177
org.apache.tajo.worker.TajoWorker,498
org.apache.tajo.algebra.NamedExpr,49
org.apache.tajo.engine.planner.ExprFinder,39
org.apache.tajo.engine.planner.Target,76
org.apache.tajo.exception.InternalException,14
org.apache.tajo.engine.eval.FieldEval,81
org.apache.tajo.engine.eval.BasicEvalNodeVisitor,270
org.apache.tajo.engine.eval.BetweenPredicateEval,203
org.apache.tajo.engine.eval.CaseWhenEval,204
org.apache.tajo.engine.eval.FunctionEval,118
org.apache.tajo.engine.eval.UnaryEval,65
org.apache.tajo.engine.function.builtin.MinDouble,31
org.apache.tajo.engine.function.AggFunction,21
org.apache.tajo.engine.parser.SQLSyntaxError,24
org.apache.tajo.engine.exception.InvalidQueryException,12
org.apache.tajo.engine.parser.SQLParseError,74
org.apache.tajo.util.ClassUtil,112
org.apache.tajo.engine.query.TestAlterTablespace,19
org.apache.tajo.engine.planner.nameresolver.NameResolvingMode,6
org.apache.tajo.master.event.QueryCompletedEvent,16
org.apache.tajo.master.event.QueryEvent,10
org.apache.tajo.master.event.QueryEventType,8
org.apache.tajo.algebra.FunctionExpr,62
org.apache.tajo.engine.function.math.Exp,15
org.apache.tajo.storage.TestFileSystems,63
org.apache.tajo.storage.s3.InMemoryFileSystemStore,120
org.apache.tajo.storage.s3.SmallBlockS3FileSystem,245
org.apache.tajo.engine.function.string.StrPosb,60
org.apache.tajo.engine.json.EvalNodeAdapter,18
org.apache.tajo.catalog.json.FunctionAdapter,26
org.apache.tajo.catalog.function.Function,30
org.apache.tajo.engine.planner.ExprsVerifier,174
org.apache.tajo.engine.planner.VerificationState,14
org.apache.tajo.engine.eval.GeneralFunctionEval,40
org.apache.tajo.engine.function.math.RoundFloat8,30
org.apache.tajo.scheduler.SchedulingAlgorithms,15
org.apache.tajo.scheduler.QuerySchedulingInfo,26
org.apache.tajo.datum.TestInt4Datum,42
org.apache.tajo.catalog.FunctionDesc,154
org.apache.tajo.catalog.store.MariaDBStore,19
org.apache.tajo.catalog.store.AbstractMySQLMariaDBStore,203
org.apache.tajo.algebra.AlterTablespace,44
org.apache.tajo.algebra.AlterTablespaceSetType,3
org.apache.tajo.storage.exception.UnsupportedFileTypeException,8
org.apache.tajo.engine.planner.physical.TestHashJoinExec,179
org.apache.tajo.LocalTajoTestingUtility,80
org.apache.tajo.engine.parser.SQLAnalyzer,1401
org.apache.tajo.engine.planner.enforce.Enforcer,262
org.apache.tajo.engine.planner.LogicalPlanner,1400
org.apache.tajo.engine.planner.PhysicalPlannerImpl,955
org.apache.tajo.catalog.MiniCatalogServer,20
org.apache.tajo.storage.StorageManager,37
org.apache.tajo.OverridableConf,163
org.apache.tajo.catalog.exception.ColumnNameAlreadyExistException,8
org.apache.tajo.engine.planner.physical.ExternalSortExec,551
org.apache.tajo.engine.planner.PhysicalPlanningException,8
org.apache.tajo.storage.fragment.FragmentConvertor,78
org.apache.tajo.unit.StorageUnit,8
org.apache.tajo.storage.MemoryUtil,82
org.apache.tajo.datum.TestInt2Datum,42
org.apache.tajo.engine.planner.TestPlannerUtil,256
org.apache.tajo.engine.function.builtin.SumInt,31
org.apache.tajo.storage.TupleComparator,119
org.apache.tajo.catalog.SortSpec,71
org.apache.tajo.engine.planner.TestLogicalPlanner,919
org.apache.tajo.engine.planner.TestLogicalNode,33
org.apache.tajo.engine.function.string.Right,33
org.apache.tajo.jdbc.TestResultSet,142
org.apache.tajo.jdbc.TajoResultSet,136
org.apache.tajo.engine.function.math.Sqrt,15
org.apache.tajo.master.event.TaskFatalErrorEvent,15
org.apache.tajo.engine.function.math.Atan2,17
org.apache.tajo.catalog.exception.NoPartitionedTableException,6
org.apache.tajo.storage.Storage,13
org.apache.tajo.pullserver.FadvisedFileRegion,102
org.apache.tajo.pullserver.PullServerUtil,49
org.apache.tajo.exception.UnimplementedException,14
org.apache.tajo.master.event.TaskTAttemptEvent,11
org.apache.tajo.master.event.TaskEvent,10
org.apache.tajo.master.event.TaskEventType,9
org.apache.tajo.util.metrics.reporter.TajoMetricsScheduledReporter,128
org.apache.tajo.util.metrics.GroupNameMetricsFilter,19
org.apache.tajo.util.metrics.MetricsFilterList,15
org.apache.tajo.util.metrics.RegexpMetricsFilter,20
org.apache.tajo.util.metrics.reporter.TajoMetricsReporter,179
org.apache.tajo.storage.parquet.TajoReadSupport,34
org.apache.tajo.storage.parquet.TajoSchemaConverter,138
org.apache.tajo.storage.parquet.TajoRecordMaterializer,26
org.apache.tajo.master.querymaster.Repartitioner,899
org.apache.tajo.catalog.statistics.StatisticsUtil,103
org.apache.tajo.engine.planner.global.DataChannel,141
org.apache.tajo.engine.planner.global.ExecutionBlock,91
org.apache.tajo.engine.planner.global.GlobalPlanner,1109
org.apache.tajo.engine.planner.global.MasterPlan,200
org.apache.tajo.engine.utils.TupleUtil,165
org.apache.tajo.master.TaskSchedulerContext,34
org.apache.tajo.storage.TupleRange,66
org.apache.tajo.util.Pair,37
org.apache.tajo.worker.FetchImpl,191
org.apache.tajo.master.querymaster.QueryUnit,615
org.apache.tajo.master.querymaster.SubQuery,956
org.apache.tajo.engine.planner.RangePartitionAlgorithm,148
org.apache.tajo.engine.planner.UniformRangePartition,577
org.apache.tajo.worker.event.TaskRunnerStopEvent,5
org.apache.tajo.worker.event.TaskRunnerEvent,15
org.apache.tajo.storage.rcfile.SchemaAwareCompressionOutputStream,6
org.apache.tajo.engine.utils.TupleCache,82
org.apache.tajo.worker.event.TaskRunnerStartEvent,29
org.apache.tajo.worker.Task,669
org.apache.tajo.worker.ExecutionBlockContext,308
org.apache.tajo.worker.TaskRunner,207
org.apache.tajo.QueryUnitId,57
org.apache.tajo.storage.HashShuffleAppenderManager,142
org.apache.tajo.client.TestDDLBuilder,86
org.apache.tajo.catalog.DDLBuilder,88
org.apache.tajo.master.querymaster.TestKillQuery,53
org.apache.tajo.engine.planner.LogicalOptimizer,209
org.apache.tajo.master.querymaster.Query,724
org.apache.tajo.QueryIdFactory,56
org.apache.tajo.master.TajoAsyncDispatcher,160
org.apache.tajo.engine.planner.physical.TestHashAntiJoinExec,131
org.apache.tajo.engine.planner.physical.MergeJoinExec,129
org.apache.tajo.engine.planner.physical.SeqScanExec,236
org.apache.tajo.engine.planner.physical.HashLeftAntiJoinExec,48
org.apache.tajo.engine.function.math.Div,25
org.apache.tajo.org.objectweb.asm.Item,111
org.apache.tajo.org.objectweb.asm.ClassWriter,729
org.apache.tajo.org.objectweb.asm.FieldWriter,151
org.apache.tajo.org.objectweb.asm.AnnotationWriter,183
org.apache.tajo.org.objectweb.asm.ByteVector,159
org.apache.tajo.org.objectweb.asm.ClassReader,1431
org.apache.tajo.org.objectweb.asm.util.Printer,168
org.apache.tajo.datum.Float8Datum,294
org.apache.tajo.util.MurmurHash,141
org.apache.tajo.util.NumberUtil,257
org.apache.tajo.datum.NumericDatum,10
org.apache.tajo.jdbc.TajoPreparedStatement,479
org.apache.tajo.jdbc.TajoConnection,326
org.apache.tajo.jdbc.TajoStatement,255
org.apache.tajo.catalog.AlterTableType,3
org.apache.tajo.MiniTajoYarnCluster,94
org.apache.tajo.pullserver.PullServerAuxService,447
org.apache.tajo.master.event.TaskRequestEvent,31
org.apache.tajo.org.objectweb.asm.util.Textifier,890
org.apache.tajo.org.objectweb.asm.util.TraceClassVisitor,79
org.apache.tajo.storage.TestTupleComparator,39
org.apache.tajo.org.objectweb.asm.util.TraceMethodVisitor,151
org.apache.tajo.org.objectweb.asm.util.TraceAnnotationVisitor,41
org.apache.tajo.engine.planner.nameresolver.ResolverByRelsAndSubExprs,14
org.apache.tajo.engine.exception.NoSuchColumnException,5
org.apache.tajo.engine.planner.nameresolver.NameResolver,153
org.apache.tajo.storage.trevni.TrevniAppender,141
org.apache.tajo.benchmark.TPCH,165
org.apache.tajo.engine.eval.NotEval,23
org.apache.tajo.engine.planner.nameresolver.ResolverByRels,11
org.apache.tajo.rpc.RpcChannelFactory,53
org.apache.tajo.rpc.AsyncRpcClient,151
org.apache.tajo.rpc.BlockingRpcClient,196
org.apache.tajo.engine.planner.physical.DistinctGroupbySortAggregationExec,126
org.apache.tajo.engine.planner.physical.SortAggregateExec,74
org.apache.tajo.util.StringUtils,208
org.apache.tajo.catalog.exception.NoSuchIndexException,11
org.apache.tajo.client.TestTajoDump,17
org.apache.tajo.client.TajoDump,123
org.apache.tajo.engine.eval.RowConstantEval,56
org.apache.tajo.engine.planner.SimpleAlgebraVisitor,131
org.apache.tajo.engine.function.builtin.MaxLong,31
org.apache.tajo.datum.Int8Datum,306
org.apache.tajo.engine.planner.physical.TestPhysicalPlanner,952
org.apache.tajo.storage.index.bst.BSTIndex,435
org.apache.tajo.worker.RangeRetrieverHandler,93
org.apache.tajo.worker.dataserver.retriever.FileChunk,23
org.apache.tajo.engine.planner.physical.SortBasedColPartitionStoreExec,67
org.apache.tajo.engine.planner.physical.HashBasedColPartitionStoreExec,51
org.apache.tajo.storage.MergeScanner,138
org.apache.tajo.engine.planner.physical.MemSortExec,49
org.apache.tajo.engine.planner.physical.HashAggregateExec,76
org.apache.tajo.engine.planner.physical.PhysicalPlanUtil,49
org.apache.tajo.rpc.RemoteException,14
org.apache.tajo.engine.codegen.TajoGeneratorAdapter,801
org.apache.tajo.exception.UnsupportedException,14
org.apache.tajo.org.objectweb.asm.commons.GeneratorAdapter,712
org.apache.tajo.engine.codegen.CompilationError,8
org.apache.tajo.datum.CharDatum,106
org.apache.tajo.datum.Int2Datum,297
org.apache.tajo.datum.Int4Datum,300
org.apache.tajo.datum.Float4Datum,304
org.apache.tajo.algebra.AlgebraTestingUtil,9
org.apache.tajo.org.objectweb.asm.Context,16
org.apache.tajo.engine.query.TestCaseByCases,120
org.apache.tajo.engine.function.math.Sign,15
org.apache.tajo.master.metrics.CatalogMetricsGaugeSet,23
org.apache.tajo.catalog.partition.PartitionDesc,106
org.apache.tajo.engine.function.datetime.ToTimestampInt,13
org.apache.tajo.engine.planner.rewrite.BasicQueryRewriteEngine,22
org.apache.tajo.org.objectweb.asm.tree.analysis.AnalyzerException,18
org.apache.tajo.storage.exception.UnknownCodecException,8
org.apache.tajo.engine.planner.physical.NLJoinExec,57
org.apache.tajo.algebra.LiteralValue,60
org.apache.tajo.master.event.QueryMasterQueryCompletedEvent,13
org.apache.tajo.engine.planner.BroadcastJoinPlanVisitor,25
org.apache.tajo.engine.planner.BasicLogicalPlanVisitor,288
org.apache.tajo.master.event.QueryStartEvent,38
org.apache.tajo.rpc.CallFuture,44
org.apache.tajo.util.VersionInfo,86
org.apache.tajo.engine.planner.physical.TestExternalSortExec,115
org.apache.tajo.master.querymaster.TestQueryProgress,32
org.apache.tajo.algebra.ExistsPredicate,30
org.apache.tajo.engine.function.builtin.SumFloat,30
org.apache.tajo.storage.thirdparty.parquet.ParquetReader,66
org.apache.tajo.storage.thirdparty.parquet.InternalParquetRecordReader,117
org.apache.tajo.storage.thirdparty.parquet.ParquetFileWriter,307
org.apache.tajo.algebra.CreateTable,472
org.apache.tajo.algebra.Aggregation,109
org.apache.tajo.engine.parser.SQLErrorStrategy,38
org.apache.tajo.engine.parser.SQLErrorListener,14
org.apache.tajo.algebra.AlterTableOpType,3
org.apache.tajo.engine.codegen.CodeGenUtils,11
org.apache.tajo.org.objectweb.asm.util.ASMifier,925
org.apache.tajo.catalog.exception.AlreadyExistsFunctionException,6
org.apache.tajo.pullserver.retriever.DirectoryRetriever,23
org.apache.tajo.pullserver.FileAccessForbiddenException,14
org.apache.tajo.pullserver.HttpDataServerHandler,138
org.apache.tajo.pullserver.retriever.FileChunk,40
org.apache.tajo.catalog.exception.NoSuchColumnException,10
org.apache.tajo.datum.protobuf.TestProtobufDatum,19
org.apache.tajo.datum.protobuf.ProtobufJsonFormat,1020
org.apache.tajo.datum.protobuf.ProtobufFormatter,67
org.apache.tajo.datum.protobuf.TextUtils,285
org.apache.tajo.engine.function.string.Length,15
org.apache.tajo.catalog.TestSchema,119
org.apache.tajo.engine.planner.ExprNormalizer,240
org.apache.tajo.algebra.CaseWhenPredicate,86
org.apache.tajo.algebra.CastExpr,24
org.apache.tajo.algebra.GeneralSetFunctionExpr,29
org.apache.tajo.algebra.WindowFunctionExpr,35
org.apache.tajo.cli.ParsedResult,26
org.apache.tajo.cli.TajoFileHistory,10
org.apache.tajo.cli.SimpleParser,209
org.apache.tajo.cli.DescTableCommand,83
org.apache.tajo.cli.DescFunctionCommand,87
org.apache.tajo.cli.HelpCommand,92
org.apache.tajo.cli.ExitCommand,22
org.apache.tajo.cli.VersionCommand,21
org.apache.tajo.cli.ConnectDatabaseCommand,44
org.apache.tajo.cli.ListDatabaseCommand,23
org.apache.tajo.cli.SetCommand,81
org.apache.tajo.cli.UnsetCommand,25
org.apache.tajo.cli.ExecExternalShellCommand,86
org.apache.tajo.cli.HdfsCommand,29
org.apache.tajo.cli.TajoAdminCommand,29
org.apache.tajo.cli.TajoGetConfCommand,29
org.apache.tajo.cli.TajoHAAdminCommand,29
org.apache.tajo.catalog.TestFunctionDesc,76
org.apache.tajo.algebra.CreateDatabase,56
org.apache.tajo.org.objectweb.asm.tree.FieldNode,74
org.apache.tajo.org.objectweb.asm.tree.AnnotationNode,99
org.apache.tajo.master.GreedyFragmentScheduleAlgorithm,307
org.apache.tajo.master.DefaultFragmentScheduleAlgorithm,172
org.apache.tajo.master.FragmentPair,37
org.apache.tajo.worker.TajoWorkerClientService,155
org.apache.tajo.rpc.BlockingRpcServer,79
org.apache.tajo.engine.planner.physical.TestRightOuterMergeJoinExec,331
org.apache.tajo.engine.planner.physical.RightOuterMergeJoinExec,209
org.apache.tajo.engine.function.datetime.DatePartFromTime,89
org.apache.tajo.storage.parquet.ParquetScanner,40
org.apache.tajo.storage.parquet.TajoParquetReader,21
org.apache.tajo.engine.function.TestAggFunction,26
org.apache.tajo.engine.function.builtin.AvgLong,49
org.apache.tajo.org.objectweb.asm.commons.AdviceAdapter,460
org.apache.tajo.algebra.Relation,49
org.apache.tajo.net.CachedDNSResolver,31
org.apache.tajo.storage.TestCompressionStorages,166
org.apache.tajo.storage.CSVFile,449
org.apache.tajo.worker.ExecutionBlockSharedResource,72
org.apache.tajo.engine.codegen.ExecutorPreCompiler,137
org.apache.tajo.engine.codegen.TajoClassLoader,8
org.apache.tajo.engine.json.CoreGsonHelper,43
org.apache.tajo.engine.codegen.EvalCodeGenerator,624
org.apache.tajo.engine.eval.LikePredicateEval,23
org.apache.tajo.engine.query.QueryUnitRequestImpl,266
org.apache.tajo.util.metrics.TajoMetrics,85
org.apache.tajo.org.objectweb.asm.xml.SAXClassAdapter,229
org.apache.tajo.org.objectweb.asm.xml.SAXAdapter,41
org.apache.tajo.org.objectweb.asm.xml.SAXAnnotationAdapter,122
org.apache.tajo.org.objectweb.asm.xml.SAXFieldAdapter,18
org.apache.tajo.org.objectweb.asm.xml.SAXCodeAdapter,270
org.apache.tajo.storage.NumericPathComparator,8
org.apache.tajo.engine.planner.physical.ColPartitionStoreExec,94
org.apache.tajo.master.TestGlobalPlanner,233
org.apache.tajo.benchmark.BenchmarkSet,69
org.apache.tajo.master.session.InvalidSessionException,5
org.apache.tajo.maven.plugin.protoc.ProtocMojo,71
org.apache.tajo.maven.plugin.util.Exec,54
org.apache.tajo.maven.plugin.util.FileSetUtils,17
org.apache.tajo.util.TestBitArrayTest,42
org.apache.tajo.util.BitArray,66
org.apache.tajo.util.TestDateTimeFormat,113
org.apache.tajo.engine.function.math.Sin,15
org.apache.tajo.rpc.NettyRpcController,31
org.apache.tajo.engine.function.datetime.DateTimePartFromUnixTimestamp,80
org.apache.tajo.engine.function.geoip.GeoIPInCountryInet4,16
org.apache.tajo.util.GeoIPUtil,16
org.apache.tajo.engine.function.string.Upper,13
org.apache.tajo.engine.planner.physical.HavingExec,19
org.apache.tajo.org.objectweb.asm.util.CheckAnnotationAdapter,85
org.apache.tajo.org.objectweb.asm.util.CheckMethodAdapter,774
org.apache.tajo.engine.function.math.Asin,15
org.apache.tajo.worker.dataserver.TestHttpDataServer,112
org.apache.tajo.worker.InterDataRetriever,58
org.apache.tajo.worker.dataserver.retriever.DirectoryRetriever,23
org.apache.tajo.json.DataTypeAdapter,31
org.apache.tajo.engine.query.TestGroupByQuery,496
org.apache.tajo.jdbc.TajoDriver,47
org.apache.tajo.jdbc.TajoDatabaseMetaData,1017
org.apache.tajo.org.objectweb.asm.Handler,41
org.apache.tajo.util.TestFileUtils,56
org.apache.tajo.json.ClassNameSerializer,17
org.apache.tajo.engine.function.TestMathFunctions,344
org.apache.tajo.engine.planner.physical.TestProgressExternalSortExec,149
org.apache.tajo.storage.rcfile.NonSyncByteArrayInputStream,65
org.apache.tajo.algebra.BooleanLiteral,10
org.apache.tajo.master.querymaster.QueryJobEvent,18
org.apache.tajo.master.querymaster.QueryInfo,84
org.apache.tajo.engine.function.builtin.CoalesceDouble,7
org.apache.tajo.engine.function.builtin.MaxString,34
org.apache.tajo.engine.query.TestWindowQuery,184
org.apache.tajo.client.TajoGetConf,103
org.apache.tajo.storage.thirdparty.parquet.InternalParquetRecordWriter,97
org.apache.tajo.storage.thirdparty.parquet.ColumnChunkPageWriteStore,145
org.apache.tajo.engine.function.string.Concat,19
org.apache.tajo.engine.planner.physical.EvalExprExec,39
org.apache.tajo.engine.eval.InEval,42
org.apache.tajo.worker.dataserver.HttpDataServerHandler,123
org.apache.tajo.worker.dataserver.FileAccessForbiddenException,14
org.apache.tajo.engine.exception.AmbiguousFieldException,6
org.apache.tajo.engine.exception.VerifyException,5
org.apache.tajo.engine.planner.nameresolver.ResolverBySubExprsAndRels,14
org.apache.tajo.engine.planner.nameresolver.ResolverByLegacy,69
org.apache.tajo.rpc.DefaultRpcController,30
org.apache.tajo.engine.parser.TestSQLAnalyzer,386
org.apache.tajo.algebra.ValueListExpr,29
org.apache.tajo.engine.query.TestNullValues,247
org.apache.tajo.engine.optimizer.eval.EvalTreeOptimizer,37
org.apache.tajo.engine.planner.rewrite.ProjectionPushDownRule,814
org.apache.tajo.engine.planner.BaseAlgebraVisitor,617
org.apache.tajo.engine.planner.ExprAnnotator,731
org.apache.tajo.engine.planner.LogicalPlanPreprocessor,351
org.apache.tajo.engine.planner.TestLogicalPlan,41
org.apache.tajo.engine.utils.TupleCacheKey,28
org.apache.tajo.engine.function.math.Pow,17
org.apache.tajo.catalog.LocalCatalogWrapper,26
org.apache.tajo.catalog.AbstractCatalogClient,551
org.apache.tajo.catalog.CatalogServer,813
org.apache.tajo.util.metrics.TestSystemMetrics,70
org.apache.tajo.util.metrics.TajoSystemMetrics,145
org.apache.tajo.engine.function.string.StrPos,25
org.apache.tajo.engine.planner.global.TestBroadcastJoinPlan,698
org.apache.tajo.engine.planner.global.ExecutionBlockCursor,143
org.apache.tajo.engine.eval.IsNullEval,43
org.apache.tajo.catalog.CatalogConstants,30
org.apache.tajo.master.TaskRunnerGroupEvent,21
org.apache.tajo.master.event.QueryUnitAttemptScheduleEvent,48
org.apache.tajo.master.event.SubQueryEventType,12
org.apache.tajo.master.querymaster.QueryUnitAttempt,322
org.apache.tajo.master.TaskSchedulerFactory,37
org.apache.tajo.master.event.ContainerAllocatorEventType,5
org.apache.tajo.master.TaskState,3
org.apache.tajo.algebra.Limit,33
org.apache.tajo.org.objectweb.asm.tree.analysis.SourceInterpreter,139
org.apache.tajo.org.objectweb.asm.tree.FieldInsnNode,27
org.apache.tajo.org.objectweb.asm.tree.InvokeDynamicInsnNode,26
org.apache.tajo.org.objectweb.asm.tree.LdcInsnNode,19
org.apache.tajo.org.objectweb.asm.tree.MethodInsnNode,27
org.apache.tajo.org.objectweb.asm.tree.analysis.SourceValue,30
org.apache.tajo.org.objectweb.asm.tree.analysis.Interpreter,22
org.apache.tajo.org.objectweb.asm.tree.analysis.SmallSet,65
org.apache.tajo.catalog.exception.NoSuchFunctionException,12
org.apache.tajo.rpc.ServerCallable,107
org.apache.tajo.catalog.AlterTableDesc,104
org.apache.tajo.catalog.IndexDesc,103
org.apache.tajo.engine.function.builtin.SumLongDistinct,42
org.apache.tajo.org.objectweb.asm.xml.Processor,626
org.apache.tajo.org.objectweb.asm.xml.ASMContentHandler,948
org.apache.tajo.storage.rcfile.NonSyncDataOutputBuffer,44
org.apache.tajo.datum.TestBytesDatum,48
org.apache.tajo.jdbc.SQLStates,10
org.apache.tajo.algebra.InPredicate,23
org.apache.tajo.benchmark.SimpleQuery,6
org.apache.tajo.engine.planner.physical.TestHashPartitioner,67
org.apache.tajo.engine.planner.physical.Partitioner,15
org.apache.tajo.engine.planner.physical.HashPartitioner,16
org.apache.tajo.master.metrics.WorkerResourceMetricsGaugeSet,38
org.apache.tajo.master.rm.WorkerState,11
org.apache.tajo.catalog.TableUtil,17
org.apache.tajo.storage.parquet.TajoRecordConverter,251
org.apache.tajo.storage.exception.UnknownDataTypeException,8
org.apache.tajo.algebra.Having,39
org.apache.tajo.common.type.TestTimeRange,22
org.apache.tajo.common.type.TimeRange,44
org.apache.tajo.algebra.BetweenPredicate,54
org.apache.tajo.catalog.json.TableMetaAdapter,24
org.apache.tajo.storage.DataLocation,21
org.apache.tajo.master.event.TaskAttemptScheduleEvent,12
org.apache.tajo.master.event.SubQueryTaskEvent,15
org.apache.tajo.master.ha.TajoMasterInfo,51
org.apache.tajo.engine.planner.logical.PersistentStoreNode,47
org.apache.tajo.org.objectweb.asm.commons.RemappingAnnotationAdapter,32
org.apache.tajo.worker.TajoResourceAllocator,275
org.apache.tajo.master.event.ContainerAllocationEvent,43
org.apache.tajo.master.event.SubQueryContainerAllocationEvent,11
org.apache.tajo.util.ApplicationIdUtils,14
org.apache.tajo.master.LaunchTaskRunnersEvent,16
org.apache.tajo.storage.index.TestBSTIndex,742
org.apache.tajo.engine.planner.rewrite.FilterPushDownRule,681
org.apache.tajo.engine.function.math.Round,20
org.apache.tajo.scheduler.SimpleFifoScheduler,101
org.apache.tajo.datum.TestDateDatum,72
org.apache.tajo.engine.function.string.FindInSet,53
org.apache.tajo.engine.query.TestJoinBroadcast,614
org.apache.tajo.engine.eval.CastEval,38
org.apache.tajo.engine.eval.SignedEval,49
org.apache.tajo.engine.eval.SimilarToPredicateEval,19
org.apache.tajo.engine.eval.WindowFunctionEval,71
org.apache.tajo.engine.planner.physical.HashLeftOuterJoinExec,156
org.apache.tajo.engine.function.string.Concat_ws,29
org.apache.tajo.worker.TajoQueryEngine,14
org.apache.tajo.org.objectweb.asm.Frame,786
org.apache.tajo.org.objectweb.asm.Edge,7
org.apache.tajo.org.objectweb.asm.MethodWriter,1777
org.apache.tajo.storage.TestRowFile,80
org.apache.tajo.storage.RowFile,375
org.apache.tajo.engine.planner.global.TestMasterPlan,20
org.apache.tajo.engine.planner.ExplainLogicalPlanVisitor,184
org.apache.tajo.algebra.CountRowsFunctionExpr,9
org.apache.tajo.algebra.AlterTable,84
org.apache.tajo.algebra.DataTypeExpr,52
org.apache.tajo.algebra.DateLiteral,31
org.apache.tajo.algebra.DropDatabase,33
org.apache.tajo.algebra.DropTable,44
org.apache.tajo.algebra.SetOperation,30
org.apache.tajo.algebra.Selection,38
org.apache.tajo.algebra.Insert,106
org.apache.tajo.algebra.IntervalLiteral,22
org.apache.tajo.algebra.NotExpr,10
org.apache.tajo.algebra.NullLiteral,13
org.apache.tajo.algebra.Projection,49
org.apache.tajo.algebra.QualifiedAsteriskExpr,40
org.apache.tajo.algebra.RelationList,49
org.apache.tajo.algebra.ScalarSubQuery,13
org.apache.tajo.algebra.SignedExpr,25
org.apache.tajo.algebra.Sort,97
org.apache.tajo.algebra.TablePrimarySubQuery,42
org.apache.tajo.algebra.TimeLiteral,31
org.apache.tajo.algebra.TimestampLiteral,38
org.apache.tajo.algebra.TruncateTable,21
org.apache.tajo.storage.TestLazyTuple,187
org.apache.tajo.datum.BitDatum,93
org.apache.tajo.rpc.test.impl.DummyProtocolAsyncImpl,47
org.apache.tajo.engine.function.builtin.MinLong,31
org.apache.tajo.catalog.store.MemStore,325
org.apache.tajo.engine.function.datetime.CurrentTime,16
org.apache.tajo.catalog.TestTableDesc,72
org.apache.tajo.catalog.TestCatalog,670
org.apache.tajo.catalog.store.DerbyStore,262
org.apache.tajo.catalog.store.MySQLStore,20
org.apache.tajo.master.event.SubQueryCompletedEvent,16
org.apache.tajo.catalog.exception.AlreadyExistsTablespaceException,7
org.apache.tajo.engine.query.TestCreateDatabase,37
org.apache.tajo.storage.s3.S3OutputStream,135
org.apache.tajo.cli.InvalidStatementException,5
org.apache.tajo.catalog.TestCatalogUtil,48
org.apache.tajo.storage.rcfile.BytesRefArrayWritable,124
org.apache.tajo.storage.rcfile.BytesRefWritable,133
org.apache.tajo.engine.function.builtin.RandomInt,13
org.apache.tajo.catalog.statistics.TestStatisticsUtil,32
org.apache.tajo.engine.function.datetime.NowTimestamp,13
org.apache.tajo.engine.planner.physical.TestNLJoinExec,134
org.apache.tajo.worker.PartitionRetrieverHandler,11
org.apache.tajo.master.LazyTaskScheduler,392
org.apache.tajo.master.event.TaskCompletionEvent,10
org.apache.tajo.engine.function.builtin.CoalesceTime,7
org.apache.tajo.org.objectweb.asm.optimizer.ClassOptimizer,98
org.apache.tajo.org.objectweb.asm.commons.RemappingClassAdapter,69
org.apache.tajo.org.objectweb.asm.optimizer.MethodOptimizer,93
org.apache.tajo.util.JvmPauseMonitor,138
org.apache.tajo.engine.planner.TestLogicalOptimizer,178
org.apache.tajo.catalog.store.TestHCatalogStore,280
org.apache.tajo.catalog.store.HCatalogStore,617
org.apache.tajo.org.objectweb.asm.tree.IntInsnNode,22
org.apache.tajo.master.session.SessionEventType,4
org.apache.tajo.engine.function.math.Pi,9
org.apache.tajo.org.objectweb.asm.commons.JSRInlinerAdapter,333
org.apache.tajo.org.objectweb.asm.tree.InsnNode,17
org.apache.tajo.org.objectweb.asm.tree.LookupSwitchInsnNode,44
org.apache.tajo.org.objectweb.asm.tree.MethodNode,309
org.apache.tajo.org.objectweb.asm.tree.InsnList,335
org.apache.tajo.org.objectweb.asm.tree.JumpInsnNode,22
org.apache.tajo.org.objectweb.asm.tree.LocalVariableNode,22
org.apache.tajo.org.objectweb.asm.tree.TableSwitchInsnNode,34
org.apache.tajo.org.objectweb.asm.tree.TryCatchBlockNode,17
org.apache.tajo.algebra.ColumnDefinition,40
org.apache.tajo.engine.function.builtin.MaxInt,31
org.apache.tajo.engine.query.TestSortQuery,194
org.apache.tajo.util.metrics.LogEventGaugeSet,31
org.apache.tajo.datum.BooleanDatum,125
org.apache.tajo.master.AbstractTaskScheduler,19
org.apache.tajo.algebra.TestExpr,120
org.apache.tajo.storage.v2.ScanScheduler,137
org.apache.tajo.org.objectweb.asm.optimizer.Constant,164
org.apache.tajo.engine.function.string.Repeat,23
org.apache.tajo.org.objectweb.asm.tree.MultiANewArrayInsnNode,21
org.apache.tajo.engine.function.window.RowNumber,23
org.apache.tajo.engine.function.WindowAggFunc,25
org.apache.tajo.rpc.RetriesExhaustedException,55
org.apache.tajo.engine.eval.TestEvalTreeUtil,265
org.apache.tajo.master.TestExecutionBlockCursor,69
org.apache.tajo.storage.index.IndexWriter,4
org.apache.tajo.engine.function.datetime.DatePartFromTimestamp,195
org.apache.tajo.datum.TestBitDatum,47
org.apache.tajo.pullserver.FadvisedChunkedFile,45
org.apache.tajo.engine.query.TestTablePartitions,692
org.apache.tajo.engine.eval.InvalidEvalException,8
org.apache.tajo.engine.function.datetime.AddDays,18
org.apache.tajo.org.objectweb.asm.commons.AnalyzerAdapter,736
org.apache.tajo.engine.function.builtin.CoalesceBoolean,8
org.apache.tajo.worker.DeletionService,65
org.apache.tajo.org.objectweb.asm.tree.analysis.Frame,528
org.apache.tajo.org.objectweb.asm.tree.IincInsnNode,21
org.apache.tajo.org.objectweb.asm.tree.VarInsnNode,22
org.apache.tajo.rpc.TestBlockingRpc,198
org.apache.tajo.rpc.test.impl.DummyProtocolBlockingImpl,45
org.apache.tajo.rpc.TajoServiceException,29
org.apache.tajo.catalog.statistics.TestTableStat,84
org.apache.tajo.master.FetchScheduleEvent,11
org.apache.tajo.engine.planner.physical.WindowAggExec,237
org.apache.tajo.engine.planner.logical.WindowSpec,143
org.apache.tajo.engine.util.TestTupleCache,39
org.apache.tajo.org.objectweb.asm.tree.analysis.BasicInterpreter,296
org.apache.tajo.org.objectweb.asm.tree.analysis.BasicValue,56
org.apache.tajo.engine.planner.graph.DirectedGraphCursor,35
org.apache.tajo.engine.planner.rewrite.PartitionedTableRewriter,210
org.apache.tajo.master.event.GrouppedContainerAllocatorEvent,17
org.apache.tajo.worker.TestDeletionService,24
org.apache.tajo.engine.function.builtin.SumFloatDistinct,42
org.apache.tajo.engine.planner.physical.TestMergeJoinExec,122
org.apache.tajo.client.TajoHAAdmin,152
org.apache.tajo.storage.v2.DiskMountInfo,62
org.apache.tajo.storage.parquet.TajoWriteSupport,79
org.apache.tajo.engine.utils.ThreadUtil,70
org.apache.tajo.engine.optimizer.eval.rules.ConstantFolding,53
org.apache.tajo.engine.eval.SimpleEvalNodeVisitor,107
org.apache.tajo.catalog.CatalogClient,13
org.apache.tajo.master.rm.TajoWorkerResourceManager,380
org.apache.tajo.pullserver.TajoPullServerService,575
org.apache.tajo.webapp.StaticHttpServer,36
org.apache.tajo.worker.TajoWorkerManagerService,114
org.apache.tajo.worker.WorkerHeartbeatService,198
org.apache.tajo.webapp.HttpServer,280
org.apache.tajo.engine.planner.physical.BNLJoinExec,167
org.apache.tajo.engine.function.builtin.AvgDouble,51
org.apache.tajo.engine.eval.TestSQLExpression,840
org.apache.tajo.engine.function.builtin.SumIntDistinct,42
org.apache.tajo.engine.function.string.BitLength,13
org.apache.tajo.master.FragmentScheduleAlgorithmFactory,36
org.apache.tajo.engine.planner.physical.JoinTupleComparator,53
org.apache.tajo.master.ScheduledFetches,18
org.apache.tajo.master.querymaster.TestIntermediateEntry,20
org.apache.tajo.engine.planner.physical.DistinctGroupbyThirdAggregationExec,213
org.apache.tajo.org.objectweb.asm.util.CheckClassAdapter,473
org.apache.tajo.org.objectweb.asm.tree.ClassNode,141
org.apache.tajo.org.objectweb.asm.tree.analysis.SimpleVerifier,202
org.apache.tajo.org.objectweb.asm.tree.analysis.Analyzer,327
org.apache.tajo.org.objectweb.asm.util.CheckFieldAdapter,37
org.apache.tajo.engine.planner.physical.RangeShuffleFileWriteExec,74
org.apache.tajo.engine.query.TestInsertQuery,602
org.apache.tajo.engine.planner.physical.DistinctGroupbyFirstAggregationExec,327
org.apache.tajo.engine.planner.TestSimpleDirectedGraph,28
org.apache.tajo.storage.v2.RCFile,1170
org.apache.tajo.storage.rcfile.NonSyncDataInputBuffer,235
org.apache.tajo.storage.rcfile.ColumnProjectionUtils,59
org.apache.tajo.storage.rcfile.SchemaAwareCompressionInputStream,6
org.apache.tajo.util.metrics.reporter.GangliaReporter,195
org.apache.tajo.storage.TestStorageManager,128
org.apache.tajo.algebra.DateValue,44
org.apache.tajo.engine.function.math.Floor,15
org.apache.tajo.engine.function.math.Ceil,15
org.apache.tajo.master.event.TaskAttemptAssignedEvent,16
org.apache.tajo.common.exception.NotImplementedException,14
org.apache.tajo.datum.protobuf.AbstractCharBasedFormatter,31
org.apache.tajo.engine.utils.TupleCacheScanner,72
org.apache.tajo.engine.function.string.Ascii,18
org.apache.tajo.engine.planner.physical.NLLeftOuterJoinExec,69
org.apache.tajo.pullserver.HttpUtil,29
org.apache.tajo.org.objectweb.asm.commons.RemappingMethodAdapter,102
org.apache.tajo.org.objectweb.asm.commons.LocalVariablesSorter,191
org.apache.tajo.engine.planner.logical.join.Edge,23
org.apache.tajo.engine.function.math.Cos,15
org.apache.tajo.master.event.SubQueryDiagnosticsUpdateEvent,10
org.apache.tajo.master.event.SubQueryEvent,10
org.apache.tajo.engine.function.math.Acos,15
org.apache.tajo.util.JSPUtil,186
org.apache.tajo.storage.CompressedSplitLineReader,55
org.apache.tajo.storage.SplitLineReader,12
org.apache.tajo.org.objectweb.asm.optimizer.FieldConstantsCollector,27
org.apache.tajo.engine.function.string.Rpad,33
org.apache.tajo.org.objectweb.asm.commons.InstructionAdapter,931
org.apache.tajo.engine.query.TestCTASQuery,152
org.apache.tajo.storage.v2.DiskUtil,146
org.apache.tajo.storage.v2.DiskDeviceInfo,30
org.apache.tajo.engine.function.builtin.MaxDouble,31
org.apache.tajo.engine.function.TestConditionalExpressions,184
org.apache.tajo.util.metrics.TajoLogEventCounter,49
org.apache.tajo.master.TestRepartitioner,404
org.apache.tajo.TestTajoIds,112
org.apache.tajo.storage.index.TestSingleCSVFileBSTIndex,175
org.apache.tajo.util.TestJSPUtil,40
org.apache.tajo.engine.codegen.TestGeneratorAdapter,12
org.apache.tajo.datum.TestBoolDatum,60
org.apache.tajo.org.objectweb.asm.commons.RemappingFieldAdapter,17
org.apache.tajo.engine.planner.global.builder.DistinctGroupbyBuilder,537
org.apache.tajo.storage.TestMergeScanner,132
org.apache.tajo.engine.planner.physical.StoreTableExec,84
org.apache.tajo.worker.Fetcher,228
org.apache.tajo.engine.function.math.Degrees,15
org.apache.tajo.webapp.QueryExecutorServlet,348
org.apache.tajo.engine.function.builtin.CountValue,13
org.apache.tajo.engine.function.builtin.CountRows,35
org.apache.tajo.engine.planner.physical.TestFullOuterHashJoinExec,246
org.apache.tajo.engine.planner.physical.HashFullOuterJoinExec,165
org.apache.tajo.master.GlobalEngine,729
org.apache.tajo.engine.exception.IllegalQueryStatusException,13
org.apache.tajo.engine.planner.LogicalPlanVerifier,185
org.apache.tajo.engine.planner.PreLogicalPlanVerifier,208
org.apache.tajo.catalog.exception.NoSuchTableException,10
org.apache.tajo.catalog.exception.AlreadyExistsTableException,11
org.apache.tajo.catalog.exception.NoSuchDatabaseException,7
org.apache.tajo.master.querymaster.TestQueryUnitStatusUpdate,111
org.apache.tajo.org.objectweb.asm.tree.analysis.BasicVerifier,376
org.apache.tajo.engine.eval.AlgebraicException,14
org.apache.tajo.engine.function.datetime.ToCharTimestamp,22
org.apache.tajo.client.TestTajoClient,509
org.apache.tajo.cli.DefaultTajoCliOutputFormatter,156
org.apache.tajo.engine.eval.EvalTreeFactory,9
org.apache.tajo.engine.function.builtin.Sleep,14
org.apache.tajo.engine.function.string.Reverse,13
org.apache.tajo.engine.function.math.AbsLong,15
org.apache.tajo.org.objectweb.asm.tree.LineNumberNode,21
org.apache.tajo.util.metrics.reporter.MetricsFileScheduledReporter,29
org.apache.tajo.util.metrics.reporter.MetricsStreamScheduledReporter,122
org.apache.tajo.engine.util.TestTupleUtil,114
org.apache.tajo.util.ClassSize,154
org.apache.tajo.storage.v2.TestCSVScanner,109
org.apache.tajo.engine.planner.physical.TestFullOuterMergeJoinExec,335
org.apache.tajo.engine.planner.physical.MergeFullOuterJoinExec,201
org.apache.tajo.engine.function.builtin.MinFloat,31
org.apache.tajo.algebra.TimeValue,59
org.apache.tajo.catalog.AlreadyRegisteredURIException,11
org.apache.tajo.exception.ValueOutOfRangeException,5
org.apache.tajo.engine.planner.logical.ShuffleFileWriteNode,59
org.apache.tajo.datum.TestIntervalDatum,123
org.apache.tajo.engine.function.geoip.GeoIPInCountryText,16
org.apache.tajo.org.objectweb.asm.commons.TryCatchBlockSorter,32
org.apache.tajo.cli.TestDefaultCliOutputFormatter,102
org.apache.tajo.jdbc.MetaDataTuple,109
org.apache.tajo.jdbc.TajoMetaDataResultSet,49
org.apache.tajo.util.metrics.reporter.MetricsConsoleReporter,42
org.apache.tajo.json.GsonHelper,21
org.apache.tajo.engine.planner.physical.TestRightOuterHashJoinExec,214
org.apache.tajo.engine.function.string.Lower,13
org.apache.tajo.util.TestNumberUtil,50
org.apache.tajo.engine.query.TestTruncateTable,31
org.apache.tajo.master.event.QueryDiagnosticsUpdateEvent,10
org.apache.tajo.engine.planner.TypeDeterminant,220
org.apache.tajo.pullserver.TajoPullServer,32
org.apache.tajo.engine.function.string.RegexpReplace,53
org.apache.tajo.engine.function.TestDateTimeFunctions,325
org.apache.tajo.master.session.SessionLivelinessMonitor,19
org.apache.tajo.master.session.SessionEvent,10
org.apache.tajo.engine.function.string.InitCap,13
org.apache.tajo.engine.planner.physical.BasicPhysicalExecutorVisitor,209
org.apache.tajo.engine.planner.physical.BSTIndexScanExec,97
org.apache.tajo.engine.planner.physical.HashShuffleFileWriteExec,109
org.apache.tajo.engine.planner.physical.HashLeftSemiJoinExec,48
org.apache.tajo.engine.planner.physical.LimitExec,23
org.apache.tajo.engine.planner.physical.SelectionExec,23
org.apache.tajo.pullserver.retriever.AdvancedDataRetriever,71
org.apache.tajo.datum.TestFloatDatum,42
org.apache.tajo.engine.planner.physical.TestLeftOuterHashJoinExec,285
org.apache.tajo.json.PathSerializer,11
org.apache.tajo.json.DatumAdapter,46
org.apache.tajo.client.ResultSetUtil,152
org.apache.tajo.common.type.TajoTypeUtil,139
org.apache.tajo.TestQueryIdFactory,28
org.apache.tajo.engine.function.datetime.ToTimestampText,16
org.apache.tajo.org.objectweb.asm.tree.FrameNode,97
org.apache.tajo.catalog.store.AbstractDBStore,1578
org.apache.tajo.catalog.exception.NoSuchTablespaceException,7
org.apache.tajo.engine.function.datetime.AddMonths,18
org.apache.tajo.engine.codegen.EvalCodeGenContext,150
org.apache.tajo.engine.planner.TestQueryValidation,17
org.apache.tajo.org.objectweb.asm.optimizer.Shrinker,206
org.apache.tajo.org.objectweb.asm.commons.SimpleRemapper,23
org.apache.tajo.org.objectweb.asm.optimizer.ClassConstantsCollector,129
org.apache.tajo.engine.planner.physical.TunnelExec,14
org.apache.tajo.master.rm.TestTajoResourceManager,320
org.apache.tajo.catalog.TestColumn,68
org.apache.tajo.storage.v2.FileScanRunner,33
org.apache.tajo.storage.v2.DiskFileScanScheduler,141
org.apache.tajo.worker.TestFetcher,165
org.apache.tajo.engine.function.string.Chr,18
org.apache.tajo.worker.TestRangeRetrieverHandler,260
org.apache.tajo.storage.LineReader,226
org.apache.tajo.worker.dataserver.HttpUtil,29
org.apache.tajo.engine.function.math.Radians,15
org.apache.tajo.catalog.statistics.TestColumnStat,44
org.apache.tajo.storage.parquet.TestSchemaConverter,87
org.apache.tajo.org.objectweb.asm.optimizer.JarOptimizer,153
org.apache.tajo.storage.TestFileFragment,49
org.apache.tajo.datum.TestInet4Datum,55
org.apache.tajo.common.exception.InvalidAddressException,3
org.apache.tajo.engine.plan.EvalTreeProtoDeserializer,148
org.apache.tajo.catalog.TestIndexDesc,56
org.apache.tajo.storage.HashShuffleAppender,133
org.apache.tajo.benchmark.Driver,20
org.apache.tajo.org.objectweb.asm.tree.InnerClassNode,16
org.apache.tajo.rpc.RemoteCallException,33
org.apache.tajo.util.IndexUtil,97
org.apache.tajo.engine.planner.physical.TestLeftOuterNLJoinExec,295
org.apache.tajo.engine.query.TestDropTable,9
org.apache.tajo.engine.planner.physical.TestBNLJoinExec,141
org.apache.tajo.master.session.SessionManager,95
org.apache.tajo.master.ha.HAServiceHDFSImpl,188
org.apache.tajo.storage.s3.INode,77
org.apache.tajo.cli.TestTajoCli,239
org.apache.tajo.engine.eval.TestEvalTree,258
org.apache.tajo.engine.query.TestTableSubQuery,40
org.apache.tajo.catalog.TestTableMeta,61
org.apache.tajo.engine.function.string.CharLength,13
org.apache.tajo.client.TajoAdmin,355
org.apache.tajo.unit.TimeUnit,7
org.apache.tajo.util.TestStringUtil,74
org.apache.tajo.engine.function.string.QuoteIdent,15
org.apache.tajo.engine.query.TestJoinOnPartitionedTables,62
org.apache.tajo.engine.function.builtin.MaxFloat,31
org.apache.tajo.catalog.statistics.TestStatSet,36
org.apache.tajo.org.objectweb.asm.tree.analysis.Subroutine,41
org.apache.tajo.engine.function.TestBuiltinFunctions,71
org.apache.tajo.engine.json.LogicalNodeAdapter,18
org.apache.tajo.engine.codegen.CaseWhenEmitter,126
org.apache.tajo.engine.function.datetime.DatePartFromDate,133
org.apache.tajo.engine.codegen.VariablesPreBuilder,45
org.apache.tajo.catalog.AttributeType,5
org.apache.tajo.rpc.TestAsyncRpc,191
org.apache.tajo.engine.query.TestCreateTable,446
org.apache.tajo.engine.function.string.RTrim,23
org.apache.tajo.master.DefaultTaskScheduler,651
org.apache.tajo.storage.thirdparty.parquet.CodecFactory,124
org.apache.tajo.engine.function.string.LTrim,24
org.apache.tajo.catalog.store.HCatalogStoreClientPool,85
org.apache.tajo.datum.TestFloat8Datum,42
org.apache.tajo.engine.query.TestNetTypes,57
org.apache.tajo.engine.planner.physical.DistinctGroupbyHashAggregationExec,307
org.apache.tajo.engine.function.string.ToHex,25
org.apache.tajo.jdbc.TestTajoJdbc,368
org.apache.tajo.master.TajoMasterClientService,646
org.apache.tajo.util.metrics.TestMetricsFilter,20
org.apache.tajo.engine.function.datetime.ToDate,17
org.apache.tajo.engine.exception.RangeOverflowException,6
org.apache.tajo.engine.query.TestJoinQuery,865
org.apache.tajo.engine.utils.test.ErrorInjectionRewriter,14
org.apache.tajo.datum.TestDatumFactory,42
org.apache.tajo.storage.trevni.TrevniScanner,124
org.apache.tajo.engine.function.TestPatternMatchingPredicates,79
org.apache.tajo.scheduler.TestFifoScheduler,60
org.apache.tajo.datum.TestDatum,253
org.apache.tajo.engine.function.builtin.AvgInt,11
org.apache.tajo.maven.plugin.versioninfo.VersionInfoMojo,204
org.apache.tajo.worker.dataserver.retriever.AdvancedDataRetriever,72
org.apache.tajo.cli.TestHdfsCommand,14
org.apache.tajo.engine.planner.physical.TestBSTIndexExec,124
org.apache.tajo.org.objectweb.asm.commons.Method,118
org.apache.tajo.util.TestDateTimeUtil,318
org.apache.tajo.storage.thirdparty.parquet.ParquetWriter,100
org.apache.tajo.common.type.IPv4,119
org.apache.tajo.master.event.ContainerEvent,11
org.apache.tajo.engine.function.builtin.MinInt,31
org.apache.tajo.engine.function.geoip.GeoIPCountryInet4,13
org.apache.tajo.engine.function.math.Tan,15
org.apache.tajo.storage.v2.RCFileScanner,222
org.apache.tajo.storage.TestVTuple,101
org.apache.tajo.storage.RawFile,543
org.apache.tajo.engine.function.TestGeneralFunction,16
org.apache.tajo.engine.function.builtin.Date,17
org.apache.tajo.util.metrics.reporter.NullReporter,7
org.apache.tajo.engine.function.math.Atan,15
org.apache.tajo.engine.function.builtin.CoalesceLong,6
org.apache.tajo.pullserver.FileCloseListener,25
org.apache.tajo.worker.dataserver.TestHttpUtil,18
org.apache.tajo.engine.plan.EvalTreeProtoSerializer,207
org.apache.tajo.engine.function.math.AbsFloat,15
org.apache.tajo.engine.planner.TestSimpleUndirectedGraph,40
org.apache.tajo.engine.function.builtin.SumDoubleDistinct,42
org.apache.tajo.master.ha.TestHAServiceHDFSImpl,75
org.apache.tajo.engine.planner.physical.UnionExec,28
org.apache.tajo.storage.v2.DiskInfo,41
org.apache.tajo.catalog.exception.AlreadyExistsIndexException,11
org.apache.tajo.storage.v2.TestCSVCompression,132
org.apache.tajo.engine.planner.physical.TestHashSemiJoinExec,133
org.apache.tajo.util.metrics.reporter.MetricsConsoleScheduledReporter,11
org.apache.tajo.engine.function.string.Decode,37
org.apache.tajo.cli.TestExecExternalShellCommand,12
org.apache.tajo.engine.query.TestUnionQuery,334
org.apache.tajo.engine.function.datetime.CurrentDate,17
org.apache.tajo.engine.function.builtin.MinString,35
org.apache.tajo.org.objectweb.asm.util.TraceFieldVisitor,28
org.apache.tajo.engine.function.builtin.CoalesceDate,7
org.apache.tajo.engine.function.string.Lpad,34
org.apache.tajo.engine.function.builtin.AvgFloat,10
org.apache.tajo.common.type.TestIPv4,50
org.apache.tajo.datum.TestTimeDatum,82
org.apache.tajo.engine.query.TestSelectQuery,376
org.apache.tajo.storage.parquet.TestReadWrite,61
org.apache.tajo.storage.parquet.TajoParquetWriter,35
org.apache.tajo.engine.function.string.ToBin,15
org.apache.tajo.engine.planner.BroadcastJoinMarkCandidateVisitor,33
org.apache.tajo.cli.TestSimpleParser,209
org.apache.tajo.org.objectweb.asm.optimizer.MethodConstantsCollector,103
org.apache.tajo.engine.function.string.Digest,36
org.apache.tajo.engine.eval.TestPredicates,300
org.apache.tajo.util.JarUtil,24
org.apache.tajo.org.objectweb.asm.commons.CodeSizeEvaluator,157
org.apache.tajo.engine.function.math.Mod,25
org.apache.tajo.master.event.QuerySubQueryEvent,11
org.apache.tajo.engine.function.geoip.GeoIPCountryText,13
org.apache.tajo.engine.function.math.AbsDouble,15
org.apache.tajo.storage.TestFrameTuple,50
org.apache.tajo.jdbc.TestTajoDatabaseMetaData,374
org.apache.tajo.engine.planner.physical.TestSortExec,98
org.apache.tajo.engine.function.string.Substr,39
org.apache.tajo.engine.function.window.Rank,41
org.apache.tajo.engine.query.TestAlterTable,21
org.apache.tajo.engine.function.string.Locate,48
org.apache.tajo.engine.function.string.Left,32
org.apache.tajo.engine.codegen.CaseWhenSwitchGenerator,55
org.apache.tajo.engine.function.math.AbsInt,15
org.apache.tajo.org.objectweb.asm.util.CheckSignatureAdapter,194
org.apache.tajo.storage.parquet.ParquetAppender,70
org.apache.tajo.engine.function.string.BTrim,23
org.apache.tajo.engine.eval.TestSQLDateTimeTypes,28
org.apache.tajo.engine.function.builtin.CountValueDistinct,39
org.apache.tajo.storage.avro.AvroAppender,126
org.apache.tajo.storage.avro.AvroUtil,19
org.apache.tajo.pullserver.HttpDataServerPipelineFactory,17
org.apache.tajo.datum.TestArithmeticOperator,271
org.apache.tajo.engine.planner.GroupElement,31
org.apache.tajo.org.objectweb.asm.commons.SerialVersionUIDAdder,186
org.apache.tajo.util.ReflectionUtil,9
org.apache.tajo.engine.function.string.SplitPart,24
org.apache.tajo.catalog.TestKeyValueSet,77
org.apache.tajo.engine.function.builtin.SumLong,30
org.apache.tajo.org.objectweb.asm.optimizer.NameMapping,62
org.apache.tajo.engine.planner.TestExprAnnotator,20
org.apache.tajo.engine.function.math.Cbrt,15
org.apache.tajo.storage.avro.AvroScanner,178
org.apache.tajo.datum.TestCharDatum,57
org.apache.tajo.engine.function.builtin.CoalesceString,7
org.apache.tajo.common.Sleeper,19
org.apache.tajo.storage.v2.TestStorages,211
org.apache.tajo.engine.planner.physical.PartitionMergeScanExec,100
org.apache.tajo.engine.function.builtin.SumDouble,30
org.apache.tajo.engine.optimizer.eval.rules.ConstantPropagation,63
